group,n,beta_state_mean,beta_obs_mean,R_state_mean,R_state_std,R_obs_mean,R_obs_std
EC,25,1.1009512142156563,-1.176982462365808,2.6815343157249516,1.8896756142220053,4.597804159285808,2.371914534328739
EO+,23,0.7420576583500862,-0.5186231315444221,2.1542408943114357,1.1714859761797047,4.616415209130807,1.0565713985812872
EO-,21,0.7893054470326987,0.0354779144275988,2.7167030741328033,1.1902318538224785,5.637324284302885,0.12362015012644016
