model,metric,n_subjects,n_trials,waic,waic_se,waic_p,loo,loo_se,loo_p,max_rhat,min_ess_bulk,min_ess_tail,r_obs,b_EC,b_EO+,b_EO-,beta_obs_EC,beta_obs_EO+,beta_obs_EO-,r_obs_base_EC,r_obs_base_EO+,r_obs_base_EO-,beta_state_EC,beta_state_EO+,beta_state_EO-,r_cognitive_EC,r_cognitive_EO+,r_cognitive_EO-
M-obs-fixed,logpi,72,100,35029.80061627159,329.21588889181214,9.711469676929799,35029.7714816671,329.2060347398288,9.696902374682395,1.0,4565.0,2486.0,5.564678447243322,15.223299527001604,14.962264447631274,14.577937097623138,,,,,,,,,,,,
M-obs,logpi,72,100,35011.61496722352,327.3349641666992,37.245620430070616,35012.88669828995,327.6345599363907,37.88148596328392,1.0,5487.0,2820.0,,15.175314079301081,14.942267897669163,14.506335496621801,-0.39310882190000385,-0.044712115561504916,0.2892999756713557,6.067910481812444,5.365722506788552,5.303315947563529,,,,,,
M-twoR,logpi,72,100,34974.934279228604,330.56506200924815,48.2628925574569,34976.16769147313,330.50046232093365,48.87959867971949,1.0,3440.0,2453.0,,14.370902526094062,14.57596893892411,14.475640458475668,-1.1426547196994554,-0.41479752605372844,0.0800883784000431,5.797375282963387,5.324205554785564,5.407721948838976,1.1239270735996238,0.6735059509203751,0.4912886054630436,,,
M-twoR-openloop,logpi,72,100,39343.9764741891,1077.8790874504057,1008.847233556092,38159.797263843095,753.7292083798279,416.75762838308583,1.53,7.0,28.0,,15.469362016609022,14.00245119764466,14.162173325111832,2.3393035452410276,-3.8042324706823334,1.7513638888074756,,,,-4.922273557872833,1.8292226810861414,-0.9410188876791226,,,
M-twoR-sensory,logpi,72,100,35036.41685400392,331.25215319905413,50.070520087652056,35036.64979875708,330.9462029052068,50.18699246423057,1.0,2954.0,2782.0,,14.414245225242738,14.50809081073128,14.473641690233904,-1.5969686313577363,-0.48552240978138644,0.06069810213020539,,,,1.085156464894579,0.6638068051824818,0.4780649204698645,4.339889612368182,3.7887072067439744,3.7739262602276753
