model,metric,n_subjects,n_trials,waic,waic_se,waic_p,loo,loo_se,loo_p,max_rhat,min_ess_bulk,min_ess_tail,r_obs,b_EC,b_EO+,b_EO-,beta_obs_EC,beta_obs_EO+,beta_obs_EO-,r_obs_base_EC,r_obs_base_EO+,r_obs_base_EO-,beta_state_EC,beta_state_EO+,beta_state_EO-
M-obs-fixed,logpi,69,100,33559.57548891111,328.17827292072184,9.727614368631503,33559.60793454054,328.18230518091997,9.743837183345022,1.0,8768.0,6138.0,5.536464750390621,15.173775832370389,14.938016653265874,14.610509281614135,,,,,,,,,
M-obs,logpi,69,100,33511.14466624228,329.95690656099424,34.79051163471857,33511.87937805014,330.04233180534715,35.157867538644496,1.0,10493.0,5542.0,,15.109785881018201,14.908852405236459,14.474528169358006,-0.4225980955706966,-0.04287762499961884,0.413698630686586,6.020364513263065,5.156770046874076,5.451123014381702,,,
M-twoR,logpi,69,100,33469.095373518285,332.44674536829547,45.35014498486797,33472.167328671116,332.8154584265077,46.88612256128545,1.0,4385.0,4018.0,,14.314201682860674,14.51159955186765,14.551823604136327,-1.176982462365808,-0.5186231315444221,0.03547791442759883,5.76244439593734,5.0676896141097085,5.604416325339109,1.1009512142156563,0.7420576583500862,0.7893054470326987
