model,metric,n_subjects,n_trials,waic,waic_se,waic_p,loo,loo_se,loo_p,max_rhat,min_ess_bulk,min_ess_tail,r_obs,b_EC,b_EO+,b_EO-,beta_obs_EC,beta_obs_EO+,beta_obs_EO-,r_obs_base_EC,r_obs_base_EO+,r_obs_base_EO-,beta_state_EC,beta_state_EO+,beta_state_EO-
M-obs-fixed,logpi,73,100,35469.969980959446,334.43378852703984,10.083696081060433,35469.89347106159,334.41227555419243,10.04544113213342,1.0,4587.0,2753.0,5.521118698111366,15.165684492702107,14.95679062190261,14.580651845146935,,,,,,,,,
M-obs,logpi,73,100,35445.59421229434,332.3316263626048,37.770723857450214,35446.40391012135,332.51317340419325,38.17557277095693,1.0,5527.0,2802.0,,15.11414098025337,14.941794206336695,14.510469320344058,-0.42158463529705764,-0.045067847489759436,0.29029553482916715,6.016510087599606,5.37203355414481,5.305153624475854,,,
M-twoR,logpi,73,100,35409.63185244839,335.4933508905154,49.46474151828544,35410.70346564925,335.4152251947453,50.000548118714505,1.0,3571.0,2619.0,,14.305541574977264,14.573943651013597,14.478341038051255,-1.177522253216604,-0.4144359112667371,0.0869053377855932,5.7601404222850565,5.3263407690806694,5.406209180723727,1.0983653654832248,0.6741942761298816,0.48761434900136646
