model,waic,loo,n_subjects,n_trials,n_groups,beta_EC,b_EC,beta_EO+,b_EO+,beta_EO-,b_EO-,beta_state_EC,beta_obs_EC,r_obs_base_EC,beta_state_EO+,beta_obs_EO+,r_obs_base_EO+,beta_state_EO-,beta_obs_EO-,r_obs_base_EO-,r_cognitive_EC,r_cognitive_EO+,r_cognitive_EO-
M1-Coupling,-92508.71157919517,-92511.64419906544,72,100,3,0.9674806917104769,13.869194122224071,1.0544760519267207,13.697714443768492,0.8582481395333527,13.820167608366672,,,,,,,,,,,,
M2-Dissociation,-69858.01727581446,-69862.03158213648,72,100,3,,14.380060833864041,,14.576704486211948,,14.475079269817439,1.117620269551635,-1.141974903255998,5.802840276801485,0.6632243271109509,-0.4197018052853657,5.328827241729742,0.4736190893959702,0.07827517728578184,5.412365888952723,,,
M3-DD,-69977.03319025849,-69982.06271708028,72,100,3,,14.412072500737246,,14.500329704807504,,14.469893815363143,1.080578842647996,-1.600654380121154,,0.6532390808569573,-0.49332957538573347,,0.4650153074789239,0.0580092657941552,,4.343567768715308,3.795385671443358,3.7805424076592855
