model,group_specific,fit_plateau,plateau_group_specific,metric,n_subjects,n_trials,waic,waic_se,waic_p,loo,loo_se,loo_p,max_rhat,min_ess_bulk,min_ess_tail,b,beta_EC,beta_EO+,beta_EO-,lam_EC,lam_EO+,lam_EO-,lam_saturated_EC,lam_saturated_EO+,lam_saturated_EO-,Pr_lam_gt0_EC,Pr_lam_gt0_EO+,Pr_lam_gt0_EO-
M0,True,True,False,pi,73,100,49788.03496225999,2068.272848108808,0.8569088327961005,49788.04118138803,2068.272672095868,0.8600183968119381,1.0,613.0,716.0,13.790991085509015,,,,,,,,,,,,
M1,True,True,False,pi,73,100,47953.83320499904,2402.3035167236094,413.5184318410416,47657.304178962244,2255.4850588518993,265.2539188226401,1.0,2105.0,1213.0,13.792407484231957,1.0051808160486653,0.9188198423174896,2.9062176303457905,,,,,,,,,
M2,True,True,False,pi,73,100,48530.6397573032,2260.8140156047293,233.3845165806781,48404.240495027276,2212.1366066250544,170.1848854427153,1.0,1984.0,1028.0,13.79195486093284,,,,-0.8015898541755133,-0.8665688182177661,-0.9651888745156587,0.0,0.005,0.821,0.0,0.0,0.0
